page	count
	34411
balke1	794
liehr	955
lennartz	1924
scheumann	234
borchardt2	6662
magiera	1007
krebs	1833
mueller	834
newig	177
lehmann	603
ayenew2	192
abebe	65
userguide	260
jabir	360
balke2	673
bernhofer	2489
borchardt1	1135
mund	1498
niemann	572
moss	1391
berendonk	804
tsegai	688
huppert1	1866
huppert4	284
saliha1	463
petersen2	573
ostrowski	540
schanze	594
bhaduri	282
huppert2	184
albrecht	251
huppert3	284
seidel1	957
seidel2	184
saliha2	86
demydenko	77
awulachew	418
bogardi	721
ayenew1	441
cullmann	626
graefe	238
petersen1	156
dombrowsky	276
http://www.iwrm-education.de/krebs	2
http://www.iwrm-education.de/seidel1	3
http://www.iwrm-education.de/borchardt1	1
http://www.iwrm-education.de/huppert2	4
